{
	"mapRegion": {
		"latitude": 40.5461782,
		"longitude": 23.0192493
	},
	"scale": [
		{

			"color": "#5ED5FF",
			"min": 0,
			"max": 10,
			"title": "Καλή"
		},
		{
			"color": "#92D14F",
			"min": 10,
			"max": 20,
			"title": "Ικανοποιητική"
		},
		{
			"color": "#FFFF00",
			"min": 20,
			"max": 25,
			"title": "Μέτρια"
		},
		{
			"color": "#FC3903",
			"min": 25,
			"max": 50,
			"title": "Κακή"
		},
		{
			"color": "#990100",
			"min": 50,
			"max": null,
			"title": "Πολύ κακή"
		}
	]
}